name,rank,model,chain_i,chain_j,iLIS,iLIA,iLISA,ipSAE,actifpTM,LIS,cLIS,LIA,cLIA,ipTM,pLDDT_i,pLDDT_j,pTM,LIR_i,LIR_j,cLIR_i,cLIR_j,LIpLDDT_i,LIpLDDT_j,cLIpLDDT_i,cLIpLDDT_j,len_i,len_j,LIR_indices_i,LIR_indices_j,cLIR_indices_i,cLIR_indices_j,structure_file
ABHD10___RUVBL2,1,3,A,B,0.0000,0.0,0.0,0.0000,0.1334,0.0000,0.0000,0.0,0.0,0.1400,75.6,72.5,0.450,0,0,0,0,,,,,306,463,,,,,ABHD10___RUVBL2_unrelaxed_rank_001_alphafold2_multimer_v3_model_3_seed_000.pdb
ABHD10___RUVBL2,2,5,A,B,0.0000,0.0,0.0,0.0000,0.1260,0.0000,0.0000,0.0,0.0,0.1300,76.1,73.6,0.470,0,0,0,0,,,,,306,463,,,,,ABHD10___RUVBL2_unrelaxed_rank_002_alphafold2_multimer_v3_model_5_seed_000.pdb
ABHD10___RUVBL2,3,1,A,B,0.0000,0.0,0.0,0.0000,0.1284,0.0000,0.0000,0.0,0.0,0.1400,77.4,71.2,0.430,0,0,0,0,,,,,306,463,,,,,ABHD10___RUVBL2_unrelaxed_rank_003_alphafold2_multimer_v3_model_1_seed_000.pdb
ABHD10___RUVBL2,4,4,A,B,0.0000,0.0,0.0,0.0000,0.1188,0.0000,0.0000,0.0,0.0,0.1300,75.8,72.0,0.460,0,0,0,0,,,,,306,463,,,,,ABHD10___RUVBL2_unrelaxed_rank_004_alphafold2_multimer_v3_model_4_seed_000.pdb
ABHD10___RUVBL2,5,2,A,B,0.0000,0.0,0.0,0.0000,0.1048,0.0000,0.0000,0.0,0.0,0.1200,77.1,72.3,0.430,0,0,0,0,,,,,306,463,,,,,ABHD10___RUVBL2_unrelaxed_rank_005_alphafold2_multimer_v3_model_2_seed_000.pdb
ABHD10___SEC31A,1,2,A,B,0.0000,0.0,0.0,0.0000,0.3351,0.0000,0.0000,0.0,0.0,0.2100,78.9,63.4,0.420,0,0,0,0,,,,,306,1220,,,,,ABHD10___SEC31A_unrelaxed_rank_001_alphafold2_multimer_v3_model_2_seed_000.pdb
ABHD10___SEC31A,2,5,A,B,0.0000,0.0,0.0,0.0000,0.2291,0.0000,0.0000,0.0,0.0,0.2200,77.9,60.8,0.370,0,0,0,0,,,,,306,1220,,,,,ABHD10___SEC31A_unrelaxed_rank_002_alphafold2_multimer_v3_model_5_seed_000.pdb
ABHD10___SEC31A,3,4,A,B,0.0000,0.0,0.0,0.0000,0.1831,0.0000,0.0000,0.0,0.0,0.2200,77.0,59.4,0.360,0,0,0,0,,,,,306,1220,,,,,ABHD10___SEC31A_unrelaxed_rank_003_alphafold2_multimer_v3_model_4_seed_000.pdb
ABHD10___SEC31A,4,3,A,B,0.0000,0.0,0.0,0.0000,0.1911,0.0000,0.0000,0.0,0.0,0.2000,77.0,61.4,0.370,0,0,0,0,,,,,306,1220,,,,,ABHD10___SEC31A_unrelaxed_rank_004_alphafold2_multimer_v3_model_3_seed_000.pdb
ABHD10___SEC31A,5,1,A,B,0.0000,0.0,0.0,0.0000,0.1871,0.0000,0.0000,0.0,0.0,0.1900,76.9,59.7,0.350,0,0,0,0,,,,,306,1220,,,,,ABHD10___SEC31A_unrelaxed_rank_005_alphafold2_multimer_v3_model_1_seed_000.pdb
ABHD10___SUPV3L1,1,1,A,B,0.0000,0.0,0.0,0.0160,0.4344,0.0552,0.0000,1181.0,0.0,0.4800,79.2,76.5,0.630,77,124,0,0,93.9,90.4,,,306,786,"[74-81,92-108,134-135,146-152,154-155,157-158,161-165,168-178,239-244,261,269,271,287-298,300-301]","[293,295,299,302,304,306,308,318,401,403,405,515,517,528-530,532,534-536,548,550-613,622,624-650,654-662,665-666]",,,ABHD10___SUPV3L1_unrelaxed_rank_001_alphafold2_multimer_v3_model_1_seed_000.pdb
ABHD10___SUPV3L1,2,2,A,B,0.0000,0.0,0.0,0.0000,0.1749,0.0000,0.0000,0.0,0.0,0.2200,76.6,76.9,0.590,0,0,0,0,,,,,306,786,,,,,ABHD10___SUPV3L1_unrelaxed_rank_002_alphafold2_multimer_v3_model_2_seed_000.pdb
ABHD10___SUPV3L1,3,4,A,B,0.0000,0.0,0.0,0.0000,0.1906,0.0000,0.0000,0.0,0.0,0.2100,74.4,76.4,0.600,0,0,0,0,,,,,306,786,,,,,ABHD10___SUPV3L1_unrelaxed_rank_003_alphafold2_multimer_v3_model_4_seed_000.pdb
ABHD10___SUPV3L1,4,3,A,B,0.0000,0.0,0.0,0.0000,0.1733,0.0000,0.0000,0.0,0.0,0.2000,76.3,75.9,0.600,0,0,0,0,,,,,306,786,,,,,ABHD10___SUPV3L1_unrelaxed_rank_004_alphafold2_multimer_v3_model_3_seed_000.pdb
ABHD10___SUPV3L1,5,5,A,B,0.0000,0.0,0.0,0.0000,0.1504,0.0000,0.0000,0.0,0.0,0.1700,77.1,76.3,0.590,0,0,0,0,,,,,306,786,,,,,ABHD10___SUPV3L1_unrelaxed_rank_005_alphafold2_multimer_v3_model_5_seed_000.pdb
ACTR2___CDK12,1,5,A,B,0.0000,0.0,0.0,0.0000,0.4320,0.0000,0.0000,0.0,0.0,0.3700,89.9,32.7,0.340,0,0,0,0,,,,,394,1490,,,,,ACTR2___CDK12_unrelaxed_rank_001_alphafold2_multimer_v3_model_5_seed_000.pdb
ACTR2___CDK12,2,3,A,B,0.0000,0.0,0.0,0.0000,0.4092,0.0000,0.0000,0.0,0.0,0.3700,89.2,32.5,0.340,0,0,0,0,,,,,394,1490,,,,,ACTR2___CDK12_unrelaxed_rank_002_alphafold2_multimer_v3_model_3_seed_000.pdb
ACTR2___CDK12,3,1,A,B,0.0000,0.0,0.0,0.0000,0.4140,0.0000,0.0000,0.0,0.0,0.3500,86.8,32.9,0.340,0,0,0,0,,,,,394,1490,,,,,ACTR2___CDK12_unrelaxed_rank_003_alphafold2_multimer_v3_model_1_seed_000.pdb
ACTR2___CDK12,4,4,A,B,0.0000,0.0,0.0,0.0000,0.4232,0.0000,0.0000,0.0,0.0,0.3500,86.2,31.4,0.340,0,0,0,0,,,,,394,1490,,,,,ACTR2___CDK12_unrelaxed_rank_004_alphafold2_multimer_v3_model_4_seed_000.pdb
ACTR2___CDK12,5,2,A,B,0.0000,0.0,0.0,0.0000,0.3969,0.0000,0.0000,0.0,0.0,0.2800,89.8,33.5,0.340,0,0,0,0,,,,,394,1490,,,,,ACTR2___CDK12_unrelaxed_rank_005_alphafold2_multimer_v3_model_2_seed_000.pdb
ACTR2___ERLIN1,1,2,A,B,0.0000,0.0,0.0,0.0000,0.2501,0.0000,0.0000,0.0,0.0,0.2200,89.7,70.9,0.580,0,0,0,0,,,,,394,348,,,,,ACTR2___ERLIN1_unrelaxed_rank_001_alphafold2_multimer_v3_model_2_seed_000.pdb
ACTR2___ERLIN1,2,4,A,B,0.0000,0.0,0.0,0.0000,0.1604,0.0000,0.0000,0.0,0.0,0.1500,89.4,56.3,0.560,0,0,0,0,,,,,394,348,,,,,ACTR2___ERLIN1_unrelaxed_rank_002_alphafold2_multimer_v3_model_4_seed_000.pdb
ACTR2___ERLIN1,3,3,A,B,0.0000,0.0,0.0,0.0000,0.1277,0.0000,0.0000,0.0,0.0,0.1300,90.1,67.7,0.540,0,0,0,0,,,,,394,348,,,,,ACTR2___ERLIN1_unrelaxed_rank_003_alphafold2_multimer_v3_model_3_seed_000.pdb
ACTR2___ERLIN1,4,5,A,B,0.0000,0.0,0.0,0.0000,0.1231,0.0000,0.0000,0.0,0.0,0.1200,89.5,61.6,0.540,0,0,0,0,,,,,394,348,,,,,ACTR2___ERLIN1_unrelaxed_rank_004_alphafold2_multimer_v3_model_5_seed_000.pdb
ACTR2___ERLIN1,5,1,A,B,0.0000,0.0,0.0,0.0000,0.1250,0.0000,0.0000,0.0,0.0,0.1200,88.8,69.8,0.530,0,0,0,0,,,,,394,348,,,,,ACTR2___ERLIN1_unrelaxed_rank_005_alphafold2_multimer_v3_model_1_seed_000.pdb
ACTR2___GPD2,1,3,A,B,0.0000,0.0,0.0,0.0000,0.1739,0.0000,0.0000,0.0,0.0,0.1800,87.1,79.5,0.580,0,0,0,0,,,,,394,727,,,,,ACTR2___GPD2_unrelaxed_rank_001_alphafold2_multimer_v3_model_3_seed_000.pdb
ACTR2___GPD2,2,4,A,B,0.0000,0.0,0.0,0.0000,0.1941,0.0000,0.0000,0.0,0.0,0.1800,86.0,79.5,0.580,0,0,0,0,,,,,394,727,,,,,ACTR2___GPD2_unrelaxed_rank_002_alphafold2_multimer_v3_model_4_seed_000.pdb
ACTR2___GPD2,3,5,A,B,0.0000,0.0,0.0,0.0000,0.1622,0.0000,0.0000,0.0,0.0,0.1700,86.8,79.1,0.580,0,0,0,0,,,,,394,727,,,,,ACTR2___GPD2_unrelaxed_rank_003_alphafold2_multimer_v3_model_5_seed_000.pdb
ACTR2___GPD2,4,1,A,B,0.0000,0.0,0.0,0.0000,0.2086,0.0000,0.0000,0.0,0.0,0.1600,83.8,80.2,0.580,0,0,0,0,,,,,394,727,,,,,ACTR2___GPD2_unrelaxed_rank_004_alphafold2_multimer_v3_model_1_seed_000.pdb
ACTR2___GPD2,5,2,A,B,0.0000,0.0,0.0,0.0000,0.1282,0.0000,0.0000,0.0,0.0,0.1400,86.2,79.4,0.570,0,0,0,0,,,,,394,727,,,,,ACTR2___GPD2_unrelaxed_rank_005_alphafold2_multimer_v3_model_2_seed_000.pdb
CDC37___PRPF19,1,2,A,B,0.0651,427.7,27.8,0.0131,0.5568,0.0590,0.0718,2613.0,70.0,0.2300,62.8,80.4,0.460,129,36,30,23,84.2,48.5,80.8,49.1,378,504,"[144,147-243,246-276]","[78-79,81-114]","[187-188,191-192,195-196,199,214,217-218,220-222,224-225,240,247-248,251-252,254-255,258-259,262-263,266,270,273-274]","[82-87,89-91,93-95,97-98,100-102,104-106,108-109,113]",CDC37___PRPF19_unrelaxed_rank_001_alphafold2_multimer_v3_model_2_seed_000.pdb
CDC37___PRPF19,2,4,A,B,0.0000,0.0,0.0,0.0000,0.1790,0.0000,0.0000,0.0,0.0,0.2000,60.2,76.5,0.460,0,0,0,0,,,,,378,504,,,,,CDC37___PRPF19_unrelaxed_rank_002_alphafold2_multimer_v3_model_4_seed_000.pdb
CDC37___PRPF19,3,1,A,B,0.0247,24.9,0.6,0.0115,0.4258,0.0242,0.0251,69.0,9.0,0.1900,60.5,78.9,0.460,9,46,3,7,52.2,83.0,34.5,79.8,378,504,"[17-21,226,250-251,254]","[92,96,99,106,172,175,178-179,181-186,188,363-365,367,374-376,378,380,382,385-386,388,404-405,409,415,421-425,429,431,448,451,458-459,461,464-465]",[19-21],"[184,188,364,404-405,421-422]",CDC37___PRPF19_unrelaxed_rank_003_alphafold2_multimer_v3_model_1_seed_000.pdb
CDC37___PRPF19,4,5,A,B,0.0000,0.0,0.0,0.0000,0.1877,0.0000,0.0000,0.0,0.0,0.1600,61.8,78.3,0.450,0,0,0,0,,,,,378,504,,,,,CDC37___PRPF19_unrelaxed_rank_004_alphafold2_multimer_v3_model_5_seed_000.pdb
CDC37___PRPF19,5,3,A,B,0.0000,0.0,0.0,0.0000,0.2402,0.0000,0.0000,0.0,0.0,0.1500,61.9,77.1,0.440,0,0,0,0,,,,,378,504,,,,,CDC37___PRPF19_unrelaxed_rank_005_alphafold2_multimer_v3_model_3_seed_000.pdb
DLAT___ACTR2,1,5,A,B,0.0772,283.8,21.9,0.0126,0.5747,0.0542,0.1100,3503.0,23.0,0.5300,61.9,91.1,0.520,113,267,8,8,92.2,94.2,78.3,86.9,647,394,"[436,439,443-465,478-488,490-491,493,503,505,509,511,525-526,536-538,540-541,564-565,567-569,574-579,587-588,590-619,621,623,626-641,643-644]","[2-4,6-12,15,17-25,27-34,36-37,57,74,78-112,119-161,163-181,183-198,212-223,225,257-259,261-268,270,277-329,341-380,383-385,387]","[595-598,603,605-606,608]","[147,149-152,364-365,368]",DLAT___ACTR2_unrelaxed_rank_001_alphafold2_multimer_v3_model_5_seed_000.pdb
DLAT___ACTR2,2,1,A,B,0.0980,425.3,41.7,0.0134,0.6286,0.0754,0.1275,4759.0,38.0,0.5200,63.4,89.8,0.520,80,318,9,10,88.8,92.4,74.9,85.3,647,394,"[444-461,463-464,476-477,479-482,486-487,490,525,569,571,573-577,590-615,621,623,626-636,639-642]","[2-38,56-57,59-61,63,71-74,76,78-112,114-199,210-226,229-231,233,242,244,246,251-253,256-271,276-330,337-380,382-388]","[595-599,603,605-606,608]","[147,149-152,360,364-365,368,370]",DLAT___ACTR2_unrelaxed_rank_002_alphafold2_multimer_v3_model_1_seed_000.pdb
DLAT___ACTR2,3,2,A,B,0.0909,493.0,44.8,0.0130,0.5779,0.0699,0.1183,8682.0,28.0,0.5100,64.7,91.5,0.510,158,316,9,8,92.9,93.9,77.1,86.0,647,394,"[435-439,441-467,474-495,497,503,505-506,509-513,515,525-527,529,532,534-541,562-581,584-623,625-645]","[1-2,4-5,7-38,56-57,60,63,71-74,76,78-199,210-226,228-231,233,242,244-245,251,254,256-271,273,276-330,337-380,382-386,389]","[595-599,603,605-606,608]","[147,150-152,364-365,368,370]",DLAT___ACTR2_unrelaxed_rank_003_alphafold2_multimer_v3_model_2_seed_000.pdb
DLAT___ACTR2,4,3,A,B,0.0000,0.0,0.0,0.0000,0.1969,0.0000,0.0000,0.0,0.0,0.2400,59.8,90.0,0.440,0,0,0,0,,,,,647,394,,,,,DLAT___ACTR2_unrelaxed_rank_004_alphafold2_multimer_v3_model_3_seed_000.pdb
DLAT___ACTR2,5,4,A,B,0.0000,0.0,0.0,0.0000,0.1568,0.0000,0.0000,0.0,0.0,0.1800,58.8,89.8,0.430,0,0,0,0,,,,,647,394,,,,,DLAT___ACTR2_unrelaxed_rank_005_alphafold2_multimer_v3_model_4_seed_000.pdb
DLAT___FUS,1,2,A,B,0.0000,0.0,0.0,0.0000,0.2724,0.0000,0.0000,0.0,0.0,0.1700,66.9,30.3,0.310,0,0,0,0,,,,,647,526,,,,,DLAT___FUS_unrelaxed_rank_001_alphafold2_multimer_v3_model_2_seed_000.pdb
DLAT___FUS,2,1,A,B,0.0000,0.0,0.0,0.0000,0.1839,0.0000,0.0000,0.0,0.0,0.1700,66.7,29.6,0.310,0,0,0,0,,,,,647,526,,,,,DLAT___FUS_unrelaxed_rank_002_alphafold2_multimer_v3_model_1_seed_000.pdb
DLAT___FUS,3,4,A,B,0.0000,0.0,0.0,0.0000,0.1781,0.0000,0.0000,0.0,0.0,0.1500,64.2,29.2,0.300,0,0,0,0,,,,,647,526,,,,,DLAT___FUS_unrelaxed_rank_003_alphafold2_multimer_v3_model_4_seed_000.pdb
DLAT___FUS,4,3,A,B,0.0000,0.0,0.0,0.0000,0.1680,0.0000,0.0000,0.0,0.0,0.1500,65.6,28.4,0.310,0,0,0,0,,,,,647,526,,,,,DLAT___FUS_unrelaxed_rank_004_alphafold2_multimer_v3_model_3_seed_000.pdb
DLAT___FUS,5,5,A,B,0.0000,0.0,0.0,0.0000,0.1300,0.0000,0.0000,0.0,0.0,0.1400,65.3,30.3,0.300,0,0,0,0,,,,,647,526,,,,,DLAT___FUS_unrelaxed_rank_005_alphafold2_multimer_v3_model_5_seed_000.pdb
DLAT___SUPV3L1,1,2,A,B,0.0000,0.0,0.0,0.0000,0.3534,0.0000,0.0000,0.0,0.0,0.2600,62.6,77.5,0.510,0,0,0,0,,,,,647,786,,,,,DLAT___SUPV3L1_unrelaxed_rank_001_alphafold2_multimer_v3_model_2_seed_000.pdb
DLAT___SUPV3L1,2,1,A,B,0.0000,0.0,0.0,0.0000,0.3502,0.0000,0.0000,0.0,0.0,0.2400,61.4,76.1,0.490,0,0,0,0,,,,,647,786,,,,,DLAT___SUPV3L1_unrelaxed_rank_002_alphafold2_multimer_v3_model_1_seed_000.pdb
DLAT___SUPV3L1,3,5,A,B,0.0000,0.0,0.0,0.0000,0.2669,0.0000,0.0000,0.0,0.0,0.2100,59.9,76.4,0.500,0,0,0,0,,,,,647,786,,,,,DLAT___SUPV3L1_unrelaxed_rank_003_alphafold2_multimer_v3_model_5_seed_000.pdb
DLAT___SUPV3L1,4,4,A,B,0.0000,0.0,0.0,0.0000,0.2111,0.0000,0.0000,0.0,0.0,0.1900,57.5,77.1,0.510,0,0,0,0,,,,,647,786,,,,,DLAT___SUPV3L1_unrelaxed_rank_004_alphafold2_multimer_v3_model_4_seed_000.pdb
DLAT___SUPV3L1,5,3,A,B,0.0000,0.0,0.0,0.0000,0.1931,0.0000,0.0000,0.0,0.0,0.1800,60.4,76.7,0.500,0,0,0,0,,,,,647,786,,,,,DLAT___SUPV3L1_unrelaxed_rank_005_alphafold2_multimer_v3_model_3_seed_000.pdb
EPB41___PYGB,1,5,A,B,0.0000,0.0,0.0,0.0000,0.2159,0.0000,0.0000,0.0,0.0,0.2200,43.0,87.8,0.550,0,0,0,0,,,,,864,843,,,,,EPB41___PYGB_unrelaxed_rank_001_alphafold2_multimer_v3_model_5_seed_000.pdb
EPB41___PYGB,2,4,A,B,0.0000,0.0,0.0,0.0000,0.2973,0.0000,0.0000,0.0,0.0,0.2000,42.1,88.6,0.550,0,0,0,0,,,,,864,843,,,,,EPB41___PYGB_unrelaxed_rank_002_alphafold2_multimer_v3_model_4_seed_000.pdb
EPB41___PYGB,3,1,A,B,0.0000,0.0,0.0,0.0000,0.2069,0.0000,0.0000,0.0,0.0,0.2000,43.6,88.3,0.540,0,0,0,0,,,,,864,843,,,,,EPB41___PYGB_unrelaxed_rank_003_alphafold2_multimer_v3_model_1_seed_000.pdb
EPB41___PYGB,4,3,A,B,0.0000,0.0,0.0,0.0000,0.1923,0.0000,0.0000,0.0,0.0,0.1900,44.1,88.8,0.540,0,0,0,0,,,,,864,843,,,,,EPB41___PYGB_unrelaxed_rank_004_alphafold2_multimer_v3_model_3_seed_000.pdb
EPB41___PYGB,5,2,A,B,0.0000,0.0,0.0,0.0000,0.1760,0.0000,0.0000,0.0,0.0,0.1800,44.5,91.7,0.550,0,0,0,0,,,,,864,843,,,,,EPB41___PYGB_unrelaxed_rank_005_alphafold2_multimer_v3_model_2_seed_000.pdb
ERLIN1___BUB3,1,1,A,B,0.0000,0.0,0.0,0.0000,0.1278,0.0000,0.0000,0.0,0.0,0.1500,71.4,92.7,0.520,0,0,0,0,,,,,348,328,,,,,ERLIN1___BUB3_unrelaxed_rank_001_alphafold2_multimer_v3_model_1_seed_000.pdb
ERLIN1___BUB3,2,4,A,B,0.0000,0.0,0.0,0.0000,0.1570,0.0000,0.0000,0.0,0.0,0.1300,62.1,92.7,0.520,0,0,0,0,,,,,348,328,,,,,ERLIN1___BUB3_unrelaxed_rank_002_alphafold2_multimer_v3_model_4_seed_000.pdb
ERLIN1___BUB3,3,5,A,B,0.0000,0.0,0.0,0.0000,0.1054,0.0000,0.0000,0.0,0.0,0.1100,63.8,92.4,0.510,0,0,0,0,,,,,348,328,,,,,ERLIN1___BUB3_unrelaxed_rank_003_alphafold2_multimer_v3_model_5_seed_000.pdb
ERLIN1___BUB3,4,2,A,B,0.0000,0.0,0.0,0.0000,0.1103,0.0000,0.0000,0.0,0.0,0.1100,69.1,92.9,0.510,0,0,0,0,,,,,348,328,,,,,ERLIN1___BUB3_unrelaxed_rank_004_alphafold2_multimer_v3_model_2_seed_000.pdb
ERLIN1___BUB3,5,3,A,B,0.0000,0.0,0.0,0.0000,0.1051,0.0000,0.0000,0.0,0.0,0.1000,69.5,92.6,0.510,0,0,0,0,,,,,348,328,,,,,ERLIN1___BUB3_unrelaxed_rank_005_alphafold2_multimer_v3_model_3_seed_000.pdb
ERLIN1___SEC31A,1,1,A,B,0.0000,0.0,0.0,0.0000,0.3226,0.0000,0.0000,0.0,0.0,0.2600,68.2,61.1,0.370,0,0,0,0,,,,,348,1220,,,,,ERLIN1___SEC31A_unrelaxed_rank_001_alphafold2_multimer_v3_model_1_seed_000.pdb
ERLIN1___SEC31A,2,3,A,B,0.0000,0.0,0.0,0.0000,0.2022,0.0000,0.0000,0.0,0.0,0.1700,69.0,62.3,0.380,0,0,0,0,,,,,348,1220,,,,,ERLIN1___SEC31A_unrelaxed_rank_002_alphafold2_multimer_v3_model_3_seed_000.pdb
ERLIN1___SEC31A,3,4,A,B,0.0000,0.0,0.0,0.0000,0.1850,0.0000,0.0000,0.0,0.0,0.1700,58.5,60.7,0.360,0,0,0,0,,,,,348,1220,,,,,ERLIN1___SEC31A_unrelaxed_rank_003_alphafold2_multimer_v3_model_4_seed_000.pdb
ERLIN1___SEC31A,4,5,A,B,0.0000,0.0,0.0,0.0000,0.1788,0.0000,0.0000,0.0,0.0,0.1700,63.5,61.4,0.360,0,0,0,0,,,,,348,1220,,,,,ERLIN1___SEC31A_unrelaxed_rank_004_alphafold2_multimer_v3_model_5_seed_000.pdb
ERLIN1___SEC31A,5,2,A,B,0.0000,0.0,0.0,0.0000,0.1655,0.0000,0.0000,0.0,0.0,0.1600,67.6,62.5,0.370,0,0,0,0,,,,,348,1220,,,,,ERLIN1___SEC31A_unrelaxed_rank_005_alphafold2_multimer_v3_model_2_seed_000.pdb
FUS___SETD1A,1,4,A,B,0.0153,6.8,0.1,0.0000,0.5812,0.0207,0.0113,46.0,1.0,0.2400,27.7,28.5,0.270,1,46,1,1,28.5,78.1,28.5,83.3,526,1707,[526],"[1570-1571,1583-1586,1588,1592-1593,1596,1598,1610,1612,1615,1626-1627,1633,1636-1637,1641-1642,1644-1645,1649-1650,1654,1656-1658,1665,1667-1672,1674,1677-1678,1680,1682-1685,1693,1705]",[526],[1684],FUS___SETD1A_unrelaxed_rank_001_alphafold2_multimer_v3_model_4_seed_000.pdb
FUS___SETD1A,2,2,A,B,0.0198,22.6,0.4,0.0000,0.5977,0.0202,0.0194,85.0,6.0,0.2100,30.5,31.3,0.250,2,73,2,5,32.8,86.4,32.8,84.3,526,1707,[525-526],"[1569-1570,1584-1586,1588,1592-1596,1598-1603,1606-1615,1617,1622,1624,1626-1627,1631-1647,1649,1653,1655-1658,1664-1668,1670,1674,1676,1678-1680,1683,1693,1695,1697,1702,1705-1706]",[525-526],"[1622,1624,1626,1693,1706]",FUS___SETD1A_unrelaxed_rank_002_alphafold2_multimer_v3_model_2_seed_000.pdb
FUS___SETD1A,3,5,A,B,0.0000,0.0,0.0,0.0000,0.5836,0.0223,0.0000,5.0,0.0,0.2100,28.1,29.8,0.250,1,5,0,0,28.9,77.5,,,526,1707,[526],"[1588,1593,1658,1692,1705]",,,FUS___SETD1A_unrelaxed_rank_003_alphafold2_multimer_v3_model_5_seed_000.pdb
FUS___SETD1A,4,1,A,B,0.0000,0.0,0.0,0.0000,0.5011,0.0000,0.0000,0.0,0.0,0.2000,28.0,29.4,0.260,0,0,0,0,,,,,526,1707,,,,,FUS___SETD1A_unrelaxed_rank_004_alphafold2_multimer_v3_model_1_seed_000.pdb
FUS___SETD1A,5,3,A,B,0.0000,0.0,0.0,0.0000,0.5631,0.0000,0.0000,0.0,0.0,0.2000,27.4,30.9,0.260,0,0,0,0,,,,,526,1707,,,,,FUS___SETD1A_unrelaxed_rank_005_alphafold2_multimer_v3_model_3_seed_000.pdb
GPD2___SETD1A,1,2,A,B,0.1132,195.5,22.1,0.0158,0.7756,0.0929,0.1381,695.0,55.0,0.2600,83.5,27.6,0.400,6,137,6,25,33.4,74.9,33.4,75.3,727,1707,[722-727],"[1569-1660,1663-1707]",[722-727],"[1578,1580-1581,1597,1621-1626,1632-1633,1635,1643-1647,1655,1666,1684,1686-1687,1693,1706]",GPD2___SETD1A_unrelaxed_rank_001_alphafold2_multimer_v3_model_2_seed_000.pdb
GPD2___SETD1A,2,4,A,B,0.0798,166.7,13.3,0.0135,0.7326,0.0660,0.0966,505.0,55.0,0.2500,78.0,25.2,0.400,6,133,5,27,29.5,64.1,29.5,68.1,727,1707,[722-727],"[1569-1574,1576-1617,1619-1660,1663-1688,1690,1692-1707]",[723-727],"[1582,1597,1621,1623-1627,1632-1633,1635,1642-1647,1653,1655,1666,1668,1680-1682,1684,1686,1706]",GPD2___SETD1A_unrelaxed_rank_002_alphafold2_multimer_v3_model_4_seed_000.pdb
GPD2___SETD1A,3,1,A,B,0.0000,0.0,0.0,0.0000,0.4650,0.0000,0.0000,0.0,0.0,0.2500,79.9,27.5,0.390,0,0,0,0,,,,,727,1707,,,,,GPD2___SETD1A_unrelaxed_rank_003_alphafold2_multimer_v3_model_1_seed_000.pdb
GPD2___SETD1A,4,5,A,B,0.0226,77.8,1.8,0.0000,0.6587,0.0196,0.0262,178.0,34.0,0.2300,77.8,26.0,0.390,5,71,4,21,28.0,71.7,29.1,72.7,727,1707,[723-727],"[1580,1582,1584-1588,1595-1600,1607,1609-1617,1619,1621-1627,1632-1639,1641-1649,1654-1658,1665-1666,1668,1672-1674,1677-1679,1681-1686,1693,1695,1697]",[723-726],"[1597,1611,1621-1626,1633,1635,1643,1645-1647,1655,1666,1682-1686]",GPD2___SETD1A_unrelaxed_rank_004_alphafold2_multimer_v3_model_5_seed_000.pdb
GPD2___SETD1A,5,3,A,B,0.0165,20.2,0.3,0.0000,0.6389,0.0163,0.0166,37.0,11.0,0.2200,81.0,27.1,0.400,4,26,4,8,28.2,76.6,28.2,75.9,727,1707,[724-727],"[1585,1588,1596-1599,1623-1626,1632-1638,1642-1643,1645,1647,1657,1666,1683-1684,1686]",[724-727],"[1597,1624-1626,1643,1647,1684,1686]",GPD2___SETD1A_unrelaxed_rank_005_alphafold2_multimer_v3_model_3_seed_000.pdb
HARS2___BUB3,1,1,A,B,0.0000,0.0,0.0,0.0000,0.3770,0.0465,0.0000,60.0,0.0,0.3800,82.0,91.7,0.550,3,51,0,0,43.5,93.7,,,506,328,[36-38],"[8,11,22,30,37-38,40,42-43,52-53,56,71,77,83,94,97,123,133,149,160-161,163,173,180,196,199,207-209,215,217-218,224-226,232,243,260-262,266,269-270,274,284-285,290,299,313-314]",,,HARS2___BUB3_unrelaxed_rank_001_alphafold2_multimer_v3_model_1_seed_000.pdb
HARS2___BUB3,2,4,A,B,0.0226,30.6,0.7,0.0120,0.3998,0.0272,0.0187,468.0,2.0,0.3400,82.7,91.8,0.550,8,165,2,2,39.3,94.8,43.4,91.2,506,328,[9-16],"[6-12,17,20-23,28-32,34,36-45,47,49-53,55-60,64-66,69,71-72,76-78,81-84,91-97,101,104-107,109-113,116-124,130,133-136,140,144-145,149-152,158-164,170,172-174,182,186-189,194-195,202-209,215,219-222,225,234-235,241-243,245,247-250,257-262,264,266,268-269,271-275,282,284-285,287-288,290-293,295,307,312-316,320]","[9,12]","[36,58]",HARS2___BUB3_unrelaxed_rank_002_alphafold2_multimer_v3_model_4_seed_000.pdb
HARS2___BUB3,3,2,A,B,0.0000,0.0,0.0,0.0000,0.3379,0.0000,0.0000,0.0,0.0,0.2300,81.7,92.5,0.560,0,0,0,0,,,,,506,328,,,,,HARS2___BUB3_unrelaxed_rank_003_alphafold2_multimer_v3_model_2_seed_000.pdb
HARS2___BUB3,4,3,A,B,0.0000,0.0,0.0,0.0000,0.1138,0.0000,0.0000,0.0,0.0,0.1300,80.8,91.7,0.540,0,0,0,0,,,,,506,328,,,,,HARS2___BUB3_unrelaxed_rank_004_alphafold2_multimer_v3_model_3_seed_000.pdb
HARS2___BUB3,5,5,A,B,0.0000,0.0,0.0,0.0000,0.1101,0.0000,0.0000,0.0,0.0,0.1200,81.2,92.5,0.540,0,0,0,0,,,,,506,328,,,,,HARS2___BUB3_unrelaxed_rank_005_alphafold2_multimer_v3_model_5_seed_000.pdb
HARS2___COX5B,1,4,A,B,0.0000,0.0,0.0,0.0000,0.1514,0.0000,0.0000,0.0,0.0,0.1700,81.7,39.0,0.680,0,0,0,0,,,,,506,129,,,,,HARS2___COX5B_unrelaxed_rank_001_alphafold2_multimer_v3_model_4_seed_000.pdb
HARS2___COX5B,2,3,A,B,0.0000,0.0,0.0,0.0000,0.1521,0.0000,0.0000,0.0,0.0,0.1700,81.6,42.7,0.680,0,0,0,0,,,,,506,129,,,,,HARS2___COX5B_unrelaxed_rank_002_alphafold2_multimer_v3_model_3_seed_000.pdb
HARS2___COX5B,3,2,A,B,0.0000,0.0,0.0,0.0000,0.1503,0.0000,0.0000,0.0,0.0,0.1500,81.9,43.8,0.670,0,0,0,0,,,,,506,129,,,,,HARS2___COX5B_unrelaxed_rank_003_alphafold2_multimer_v3_model_2_seed_000.pdb
HARS2___COX5B,4,5,A,B,0.0000,0.0,0.0,0.0000,0.1403,0.0000,0.0000,0.0,0.0,0.1400,82.0,40.7,0.680,0,0,0,0,,,,,506,129,,,,,HARS2___COX5B_unrelaxed_rank_004_alphafold2_multimer_v3_model_5_seed_000.pdb
HARS2___COX5B,5,1,A,B,0.0000,0.0,0.0,0.0000,0.1264,0.0000,0.0000,0.0,0.0,0.1300,82.7,43.2,0.680,0,0,0,0,,,,,506,129,,,,,HARS2___COX5B_unrelaxed_rank_005_alphafold2_multimer_v3_model_1_seed_000.pdb
HARS2___ENO1,1,2,A,B,0.0000,0.0,0.0,0.0000,0.1415,0.0000,0.0000,0.0,0.0,0.1800,81.5,93.8,0.520,0,0,0,0,,,,,506,434,,,,,HARS2___ENO1_unrelaxed_rank_001_alphafold2_multimer_v3_model_2_seed_000.pdb
HARS2___ENO1,2,4,A,B,0.0000,0.0,0.0,0.0000,0.1104,0.0000,0.0000,0.0,0.0,0.1400,81.6,94.3,0.500,0,0,0,0,,,,,506,434,,,,,HARS2___ENO1_unrelaxed_rank_002_alphafold2_multimer_v3_model_4_seed_000.pdb
HARS2___ENO1,3,1,A,B,0.0000,0.0,0.0,0.0000,0.1087,0.0000,0.0000,0.0,0.0,0.1200,81.3,94.4,0.500,0,0,0,0,,,,,506,434,,,,,HARS2___ENO1_unrelaxed_rank_003_alphafold2_multimer_v3_model_1_seed_000.pdb
HARS2___ENO1,4,3,A,B,0.0000,0.0,0.0,0.0000,0.0000,0.0000,0.0000,0.0,0.0,0.1200,81.5,94.7,0.500,0,0,0,0,,,,,506,434,,,,,HARS2___ENO1_unrelaxed_rank_004_alphafold2_multimer_v3_model_3_seed_000.pdb
HARS2___ENO1,5,5,A,B,0.0000,0.0,0.0,0.0000,0.1099,0.0000,0.0000,0.0,0.0,0.1100,80.9,94.4,0.500,0,0,0,0,,,,,506,434,,,,,HARS2___ENO1_unrelaxed_rank_005_alphafold2_multimer_v3_model_5_seed_000.pdb
HARS2___NOP2,1,1,A,B,0.0225,35.4,0.8,0.0113,0.4883,0.0241,0.0210,418.0,3.0,0.3700,80.5,51.8,0.420,153,9,3,1,93.1,47.2,89.0,51.7,506,812,"[63,65,68-75,77-92,94-95,100,127-129,131-132,135,137-143,148-152,155-157,171-172,174-180,186-203,208-214,217,219-220,222-223,280-281,298-299,302-303,305-313,315-316,318-323,336-341,360,362-364,367-368,379-383,389-393,395-396,412-414,416,426,432-434,439,443-444,452,458-461,478]","[24,27-34]","[73,80,203]",[32],HARS2___NOP2_unrelaxed_rank_001_alphafold2_multimer_v3_model_1_seed_000.pdb
HARS2___NOP2,2,4,A,B,0.0000,0.0,0.0,0.0000,0.4157,0.0223,0.0000,128.0,0.0,0.3400,79.7,50.3,0.420,52,7,0,0,94.7,41.5,,,506,812,"[68,70,74-75,77-83,85-86,88,90,94,136-141,151,157,177-180,189-193,195-202,210-212,303,307,310,321,340,363,389,433]",[28-34],,,HARS2___NOP2_unrelaxed_rank_002_alphafold2_multimer_v3_model_4_seed_000.pdb
HARS2___NOP2,3,5,A,B,0.0000,0.0,0.0,0.0000,0.1711,0.0000,0.0000,0.0,0.0,0.1800,80.1,50.6,0.410,0,0,0,0,,,,,506,812,,,,,HARS2___NOP2_unrelaxed_rank_003_alphafold2_multimer_v3_model_5_seed_000.pdb
HARS2___NOP2,4,3,A,B,0.0000,0.0,0.0,0.0000,0.1597,0.0000,0.0000,0.0,0.0,0.1800,79.5,50.7,0.410,0,0,0,0,,,,,506,812,,,,,HARS2___NOP2_unrelaxed_rank_004_alphafold2_multimer_v3_model_3_seed_000.pdb
HARS2___NOP2,5,2,A,B,0.0000,0.0,0.0,0.0000,0.2534,0.0000,0.0000,0.0,0.0,0.1700,80.1,50.9,0.410,0,0,0,0,,,,,506,812,,,,,HARS2___NOP2_unrelaxed_rank_005_alphafold2_multimer_v3_model_2_seed_000.pdb
HARS2___OLA1,1,4,A,B,0.0000,0.0,0.0,0.0000,0.1309,0.0000,0.0000,0.0,0.0,0.1600,80.3,80.8,0.520,0,0,0,0,,,,,506,396,,,,,HARS2___OLA1_unrelaxed_rank_001_alphafold2_multimer_v3_model_4_seed_000.pdb
HARS2___OLA1,2,2,A,B,0.0000,0.0,0.0,0.0000,0.1305,0.0000,0.0000,0.0,0.0,0.1500,80.3,82.2,0.520,0,0,0,0,,,,,506,396,,,,,HARS2___OLA1_unrelaxed_rank_002_alphafold2_multimer_v3_model_2_seed_000.pdb
HARS2___OLA1,3,3,A,B,0.0000,0.0,0.0,0.0000,0.1209,0.0000,0.0000,0.0,0.0,0.1400,79.7,81.9,0.510,0,0,0,0,,,,,506,396,,,,,HARS2___OLA1_unrelaxed_rank_003_alphafold2_multimer_v3_model_3_seed_000.pdb
HARS2___OLA1,4,1,A,B,0.0000,0.0,0.0,0.0000,0.1260,0.0000,0.0000,0.0,0.0,0.1400,80.6,82.4,0.510,0,0,0,0,,,,,506,396,,,,,HARS2___OLA1_unrelaxed_rank_004_alphafold2_multimer_v3_model_1_seed_000.pdb
HARS2___OLA1,5,5,A,B,0.0000,0.0,0.0,0.0000,0.1231,0.0000,0.0000,0.0,0.0,0.1300,80.1,81.9,0.510,0,0,0,0,,,,,506,396,,,,,HARS2___OLA1_unrelaxed_rank_005_alphafold2_multimer_v3_model_5_seed_000.pdb
IBA57___MYH10,1,1,A,B,0.0000,0.0,0.0,0.0000,0.2419,0.0000,0.0000,0.0,0.0,0.2400,71.8,56.9,0.420,0,0,0,0,,,,,356,1976,,,,,IBA57___MYH10_unrelaxed_rank_001_alphafold2_multimer_v3_model_1_seed_000.pdb
IBA57___MYH10,2,4,A,B,0.0000,0.0,0.0,0.0000,0.2352,0.0000,0.0000,0.0,0.0,0.2300,70.4,53.1,0.430,0,0,0,0,,,,,356,1976,,,,,IBA57___MYH10_unrelaxed_rank_002_alphafold2_multimer_v3_model_4_seed_000.pdb
IBA57___MYH10,3,5,A,B,0.0000,0.0,0.0,0.0000,0.2254,0.0000,0.0000,0.0,0.0,0.2200,71.7,54.8,0.420,0,0,0,0,,,,,356,1976,,,,,IBA57___MYH10_unrelaxed_rank_003_alphafold2_multimer_v3_model_5_seed_000.pdb
IBA57___MYH10,4,3,A,B,0.0000,0.0,0.0,0.0000,0.2327,0.0000,0.0000,0.0,0.0,0.2200,71.4,56.8,0.420,0,0,0,0,,,,,356,1976,,,,,IBA57___MYH10_unrelaxed_rank_004_alphafold2_multimer_v3_model_3_seed_000.pdb
IBA57___MYH10,5,2,A,B,0.0000,0.0,0.0,0.0000,0.2091,0.0000,0.0000,0.0,0.0,0.2100,72.9,57.4,0.430,0,0,0,0,,,,,356,1976,,,,,IBA57___MYH10_unrelaxed_rank_005_alphafold2_multimer_v3_model_2_seed_000.pdb
IBA57___NCKAP1,1,2,A,B,0.0000,0.0,0.0,0.0000,0.0000,0.0000,0.0000,0.0,0.0,0.2100,73.0,90.2,0.710,0,0,0,0,,,,,356,1128,,,,,IBA57___NCKAP1_unrelaxed_rank_001_alphafold2_multimer_v3_model_2_seed_000.pdb
IBA57___NCKAP1,2,4,A,B,0.0000,0.0,0.0,0.0000,0.1773,0.0000,0.0000,0.0,0.0,0.2000,72.8,90.0,0.710,0,0,0,0,,,,,356,1128,,,,,IBA57___NCKAP1_unrelaxed_rank_002_alphafold2_multimer_v3_model_4_seed_000.pdb
IBA57___NCKAP1,3,3,A,B,0.0000,0.0,0.0,0.0000,0.0000,0.0000,0.0000,0.0,0.0,0.1900,72.8,89.9,0.710,0,0,0,0,,,,,356,1128,,,,,IBA57___NCKAP1_unrelaxed_rank_003_alphafold2_multimer_v3_model_3_seed_000.pdb
IBA57___NCKAP1,4,5,A,B,0.0000,0.0,0.0,0.0000,0.1529,0.0000,0.0000,0.0,0.0,0.1900,73.3,89.7,0.710,0,0,0,0,,,,,356,1128,,,,,IBA57___NCKAP1_unrelaxed_rank_004_alphafold2_multimer_v3_model_5_seed_000.pdb
IBA57___NCKAP1,5,1,A,B,0.0000,0.0,0.0,0.0000,0.1538,0.0000,0.0000,0.0,0.0,0.1800,71.4,90.1,0.700,0,0,0,0,,,,,356,1128,,,,,IBA57___NCKAP1_unrelaxed_rank_005_alphafold2_multimer_v3_model_1_seed_000.pdb
KPNA4___ERLIN2,1,4,A,B,0.0000,0.0,0.0,0.0000,0.2778,0.0000,0.0000,0.0,0.0,0.2200,78.5,56.7,0.540,0,0,0,0,,,,,521,339,,,,,KPNA4___ERLIN2_unrelaxed_rank_001_alphafold2_multimer_v3_model_4_seed_000.pdb
KPNA4___ERLIN2,2,2,A,B,0.0000,0.0,0.0,0.0000,0.1264,0.0000,0.0000,0.0,0.0,0.1400,81.5,69.4,0.540,0,0,0,0,,,,,521,339,,,,,KPNA4___ERLIN2_unrelaxed_rank_002_alphafold2_multimer_v3_model_2_seed_000.pdb
KPNA4___ERLIN2,3,1,A,B,0.0000,0.0,0.0,0.0000,0.1134,0.0000,0.0000,0.0,0.0,0.1300,82.0,70.4,0.540,0,0,0,0,,,,,521,339,,,,,KPNA4___ERLIN2_unrelaxed_rank_003_alphafold2_multimer_v3_model_1_seed_000.pdb
KPNA4___ERLIN2,4,5,A,B,0.0000,0.0,0.0,0.0000,0.1269,0.0000,0.0000,0.0,0.0,0.1200,82.0,68.3,0.550,0,0,0,0,,,,,521,339,,,,,KPNA4___ERLIN2_unrelaxed_rank_004_alphafold2_multimer_v3_model_5_seed_000.pdb
KPNA4___ERLIN2,5,3,A,B,0.0000,0.0,0.0,0.0000,0.1106,0.0000,0.0000,0.0,0.0,0.1200,81.1,73.2,0.540,0,0,0,0,,,,,521,339,,,,,KPNA4___ERLIN2_unrelaxed_rank_005_alphafold2_multimer_v3_model_3_seed_000.pdb
LSS___EMC7,1,2,A,B,0.0000,0.0,0.0,0.0000,0.4035,0.0004,0.0000,1.0,0.0,0.2000,94.1,47.3,0.760,1,1,0,0,81.4,46.3,,,732,242,[299],[170],,,LSS___EMC7_unrelaxed_rank_001_alphafold2_multimer_v3_model_2_seed_000.pdb
LSS___EMC7,2,4,A,B,0.0246,70.3,1.7,0.0000,0.4608,0.0201,0.0302,988.0,5.0,0.1900,93.8,44.1,0.760,283,10,3,3,96.2,42.6,87.0,44.6,732,242,"[36,79,83,105,108-116,126-130,149-151,153-164,166,170,173-183,186-190,192-211,213-214,216-217,225-227,229-249,255-264,268-281,291,293-305,309-310,312-331,333,335,338,340-352,358-363,370,376,386-387,389-390,392-396,412,415-422,430-437,439,442,457-468,481-501,504-506,527,529,531,534,537-544,554-569,571,590,593,612,616,618,660,716]",[166-175],"[295-296,299]","[170,173-174]",LSS___EMC7_unrelaxed_rank_002_alphafold2_multimer_v3_model_4_seed_000.pdb
LSS___EMC7,3,3,A,B,0.0000,0.0,0.0,0.0000,0.3335,0.0000,0.0000,0.0,0.0,0.1700,94.0,44.9,0.750,0,0,0,0,,,,,732,242,,,,,LSS___EMC7_unrelaxed_rank_003_alphafold2_multimer_v3_model_3_seed_000.pdb
LSS___EMC7,4,1,A,B,0.0000,0.0,0.0,0.0000,0.2958,0.0000,0.0000,0.0,0.0,0.1600,94.5,42.7,0.750,0,0,0,0,,,,,732,242,,,,,LSS___EMC7_unrelaxed_rank_004_alphafold2_multimer_v3_model_1_seed_000.pdb
LSS___EMC7,5,5,A,B,0.0000,0.0,0.0,0.0000,0.3158,0.0000,0.0000,0.0,0.0,0.1600,93.7,43.7,0.750,0,0,0,0,,,,,732,242,,,,,LSS___EMC7_unrelaxed_rank_005_alphafold2_multimer_v3_model_5_seed_000.pdb
LSS___FUS,1,1,A,B,0.0000,0.0,0.0,0.0000,0.2112,0.0000,0.0000,0.0,0.0,0.2400,92.7,25.2,0.610,0,0,0,0,,,,,732,526,,,,,LSS___FUS_unrelaxed_rank_001_alphafold2_multimer_v3_model_1_seed_000.pdb
LSS___FUS,2,3,A,B,0.0000,0.0,0.0,0.0000,0.2174,0.0000,0.0000,0.0,0.0,0.2100,91.4,24.9,0.610,0,0,0,0,,,,,732,526,,,,,LSS___FUS_unrelaxed_rank_002_alphafold2_multimer_v3_model_3_seed_000.pdb
LSS___FUS,3,5,A,B,0.0000,0.0,0.0,0.0000,0.1952,0.0000,0.0000,0.0,0.0,0.1900,91.5,26.5,0.610,0,0,0,0,,,,,732,526,,,,,LSS___FUS_unrelaxed_rank_003_alphafold2_multimer_v3_model_5_seed_000.pdb
LSS___FUS,4,4,A,B,0.0000,0.0,0.0,0.0000,0.2127,0.0000,0.0000,0.0,0.0,0.1900,92.8,25.0,0.620,0,0,0,0,,,,,732,526,,,,,LSS___FUS_unrelaxed_rank_004_alphafold2_multimer_v3_model_4_seed_000.pdb
LSS___FUS,5,2,A,B,0.0000,0.0,0.0,0.0000,0.1807,0.0000,0.0000,0.0,0.0,0.1600,93.2,26.2,0.610,0,0,0,0,,,,,732,526,,,,,LSS___FUS_unrelaxed_rank_005_alphafold2_multimer_v3_model_2_seed_000.pdb
MTARC1___EMC7,1,3,A,B,0.0000,0.0,0.0,0.0000,0.2021,0.0000,0.0000,0.0,0.0,0.1600,84.7,44.5,0.560,0,0,0,0,,,,,337,242,,,,,MTARC1___EMC7_unrelaxed_rank_001_alphafold2_multimer_v3_model_3_seed_000.pdb
MTARC1___EMC7,2,4,A,B,0.0000,0.0,0.0,0.0000,0.2635,0.0000,0.0000,0.0,0.0,0.1600,85.8,45.5,0.560,0,0,0,0,,,,,337,242,,,,,MTARC1___EMC7_unrelaxed_rank_002_alphafold2_multimer_v3_model_4_seed_000.pdb
MTARC1___EMC7,3,1,A,B,0.0000,0.0,0.0,0.0000,0.2210,0.0000,0.0000,0.0,0.0,0.1600,85.7,39.3,0.560,0,0,0,0,,,,,337,242,,,,,MTARC1___EMC7_unrelaxed_rank_003_alphafold2_multimer_v3_model_1_seed_000.pdb
MTARC1___EMC7,4,5,A,B,0.0000,0.0,0.0,0.0000,0.1542,0.0000,0.0000,0.0,0.0,0.1500,84.9,45.9,0.550,0,0,0,0,,,,,337,242,,,,,MTARC1___EMC7_unrelaxed_rank_004_alphafold2_multimer_v3_model_5_seed_000.pdb
MTARC1___EMC7,5,2,A,B,0.0000,0.0,0.0,0.0000,0.1055,0.0000,0.0000,0.0,0.0,0.1300,87.3,44.7,0.540,0,0,0,0,,,,,337,242,,,,,MTARC1___EMC7_unrelaxed_rank_005_alphafold2_multimer_v3_model_2_seed_000.pdb
NBN___EMC7,1,2,A,B,0.0000,0.0,0.0,0.0000,0.2447,0.0000,0.0000,0.0,0.0,0.2300,49.9,53.4,0.390,0,0,0,0,,,,,754,242,,,,,NBN___EMC7_unrelaxed_rank_001_alphafold2_multimer_v3_model_2_seed_000.pdb
NBN___EMC7,2,1,A,B,0.0000,0.0,0.0,0.0000,0.2815,0.0000,0.0000,0.0,0.0,0.2100,50.1,50.9,0.390,0,0,0,0,,,,,754,242,,,,,NBN___EMC7_unrelaxed_rank_002_alphafold2_multimer_v3_model_1_seed_000.pdb
NBN___EMC7,3,3,A,B,0.0000,0.0,0.0,0.0000,0.1779,0.0000,0.0000,0.0,0.0,0.1700,49.0,50.8,0.400,0,0,0,0,,,,,754,242,,,,,NBN___EMC7_unrelaxed_rank_003_alphafold2_multimer_v3_model_3_seed_000.pdb
NBN___EMC7,4,4,A,B,0.0000,0.0,0.0,0.0000,0.0000,0.0000,0.0000,0.0,0.0,0.1500,48.9,52.7,0.390,0,0,0,0,,,,,754,242,,,,,NBN___EMC7_unrelaxed_rank_004_alphafold2_multimer_v3_model_4_seed_000.pdb
NBN___EMC7,5,5,A,B,0.0000,0.0,0.0,0.0000,0.1185,0.0000,0.0000,0.0,0.0,0.1300,49.0,53.9,0.390,0,0,0,0,,,,,754,242,,,,,NBN___EMC7_unrelaxed_rank_005_alphafold2_multimer_v3_model_5_seed_000.pdb
NCKAP1___EMC7,1,3,A,B,0.0000,0.0,0.0,0.0000,0.0000,0.0000,0.0000,0.0,0.0,0.1800,90.1,48.9,0.750,0,0,0,0,,,,,1128,242,,,,,NCKAP1___EMC7_unrelaxed_rank_001_alphafold2_multimer_v3_model_3_seed_000.pdb
NCKAP1___EMC7,2,2,A,B,0.0000,0.0,0.0,0.0000,0.0000,0.0000,0.0000,0.0,0.0,0.1800,89.8,47.8,0.750,0,0,0,0,,,,,1128,242,,,,,NCKAP1___EMC7_unrelaxed_rank_002_alphafold2_multimer_v3_model_2_seed_000.pdb
NCKAP1___EMC7,3,4,A,B,0.0000,0.0,0.0,0.0000,0.0000,0.0000,0.0000,0.0,0.0,0.1700,90.4,48.0,0.760,0,0,0,0,,,,,1128,242,,,,,NCKAP1___EMC7_unrelaxed_rank_003_alphafold2_multimer_v3_model_4_seed_000.pdb
NCKAP1___EMC7,4,1,A,B,0.0000,0.0,0.0,0.0000,0.0000,0.0000,0.0000,0.0,0.0,0.1700,90.4,46.4,0.750,0,0,0,0,,,,,1128,242,,,,,NCKAP1___EMC7_unrelaxed_rank_004_alphafold2_multimer_v3_model_1_seed_000.pdb
NCKAP1___EMC7,5,5,A,B,0.0000,0.0,0.0,0.0000,0.1323,0.0000,0.0000,0.0,0.0,0.1600,90.0,47.3,0.760,0,0,0,0,,,,,1128,242,,,,,NCKAP1___EMC7_unrelaxed_rank_005_alphafold2_multimer_v3_model_5_seed_000.pdb
NOP2___MTARC1,1,4,A,B,0.0000,0.0,0.0,0.0000,0.4167,0.0322,0.0000,470.0,0.0,0.4000,49.9,81.5,0.470,21,132,0,0,94.0,92.2,,,812,337,"[288,465-469,475,516-520,523,568,570-571,575-579]","[57-58,61,65-67,70,72,74-75,84,90-91,94-97,101-116,134,148,150-151,154-156,159,163-165,167-173,179-181,184,188,191,208,212-213,215,218-228,233-237,239-243,247-250,257-258,263-264,266-269,271-285,288-295,297,304,311-316,318,320,325,328-329,331,333]",,,NOP2___MTARC1_unrelaxed_rank_001_alphafold2_multimer_v3_model_4_seed_000.pdb
NOP2___MTARC1,2,3,A,B,0.0000,0.0,0.0,0.0000,0.2427,0.0000,0.0000,0.0,0.0,0.2200,50.7,81.3,0.420,0,0,0,0,,,,,812,337,,,,,NOP2___MTARC1_unrelaxed_rank_002_alphafold2_multimer_v3_model_3_seed_000.pdb
NOP2___MTARC1,3,2,A,B,0.0000,0.0,0.0,0.0000,0.1774,0.0000,0.0000,0.0,0.0,0.1800,51.3,82.3,0.420,0,0,0,0,,,,,812,337,,,,,NOP2___MTARC1_unrelaxed_rank_003_alphafold2_multimer_v3_model_2_seed_000.pdb
NOP2___MTARC1,4,5,A,B,0.0000,0.0,0.0,0.0000,0.1994,0.0000,0.0000,0.0,0.0,0.1700,51.1,82.1,0.410,0,0,0,0,,,,,812,337,,,,,NOP2___MTARC1_unrelaxed_rank_004_alphafold2_multimer_v3_model_5_seed_000.pdb
NOP2___MTARC1,5,1,A,B,0.0000,0.0,0.0,0.0000,0.1721,0.0000,0.0000,0.0,0.0,0.1700,50.7,81.0,0.410,0,0,0,0,,,,,812,337,,,,,NOP2___MTARC1_unrelaxed_rank_005_alphafold2_multimer_v3_model_1_seed_000.pdb
PAICS___CDC37,1,2,A,B,0.0000,0.0,0.0,0.0000,0.1044,0.0000,0.0000,0.0,0.0,0.1300,91.2,66.1,0.550,0,0,0,0,,,,,425,378,,,,,PAICS___CDC37_unrelaxed_rank_001_alphafold2_multimer_v3_model_2_seed_000.pdb
PAICS___CDC37,2,4,A,B,0.0000,0.0,0.0,0.0000,0.1147,0.0000,0.0000,0.0,0.0,0.1200,91.2,60.6,0.550,0,0,0,0,,,,,425,378,,,,,PAICS___CDC37_unrelaxed_rank_002_alphafold2_multimer_v3_model_4_seed_000.pdb
PAICS___CDC37,3,1,A,B,0.0000,0.0,0.0,0.0000,0.1081,0.0000,0.0000,0.0,0.0,0.1200,90.6,62.0,0.550,0,0,0,0,,,,,425,378,,,,,PAICS___CDC37_unrelaxed_rank_003_alphafold2_multimer_v3_model_1_seed_000.pdb
PAICS___CDC37,4,5,A,B,0.0000,0.0,0.0,0.0000,0.1070,0.0000,0.0000,0.0,0.0,0.1100,90.4,63.8,0.550,0,0,0,0,,,,,425,378,,,,,PAICS___CDC37_unrelaxed_rank_004_alphafold2_multimer_v3_model_5_seed_000.pdb
PAICS___CDC37,5,3,A,B,0.0000,0.0,0.0,0.0000,0.1025,0.0000,0.0000,0.0,0.0,0.1100,89.5,62.3,0.540,0,0,0,0,,,,,425,378,,,,,PAICS___CDC37_unrelaxed_rank_005_alphafold2_multimer_v3_model_3_seed_000.pdb
PAICS___NOP2,1,5,A,B,0.0000,0.0,0.0,0.0000,0.1946,0.0000,0.0000,0.0,0.0,0.2100,90.5,51.2,0.420,0,0,0,0,,,,,425,812,,,,,PAICS___NOP2_unrelaxed_rank_001_alphafold2_multimer_v3_model_5_seed_000.pdb
PAICS___NOP2,2,4,A,B,0.0000,0.0,0.0,0.0000,0.1864,0.0000,0.0000,0.0,0.0,0.1800,90.9,50.5,0.420,0,0,0,0,,,,,425,812,,,,,PAICS___NOP2_unrelaxed_rank_002_alphafold2_multimer_v3_model_4_seed_000.pdb
PAICS___NOP2,3,2,A,B,0.0000,0.0,0.0,0.0000,0.1736,0.0000,0.0000,0.0,0.0,0.1600,91.7,51.8,0.420,0,0,0,0,,,,,425,812,,,,,PAICS___NOP2_unrelaxed_rank_003_alphafold2_multimer_v3_model_2_seed_000.pdb
PAICS___NOP2,4,3,A,B,0.0000,0.0,0.0,0.0000,0.1466,0.0000,0.0000,0.0,0.0,0.1600,90.4,51.1,0.420,0,0,0,0,,,,,425,812,,,,,PAICS___NOP2_unrelaxed_rank_004_alphafold2_multimer_v3_model_3_seed_000.pdb
PAICS___NOP2,5,1,A,B,0.0000,0.0,0.0,0.0000,0.1572,0.0000,0.0000,0.0,0.0,0.1600,90.7,50.9,0.410,0,0,0,0,,,,,425,812,,,,,PAICS___NOP2_unrelaxed_rank_005_alphafold2_multimer_v3_model_1_seed_000.pdb
PAICS___SETD1A,1,1,A,B,0.0000,0.0,0.0,0.0000,0.2074,0.0000,0.0000,0.0,0.0,0.2300,91.3,28.7,0.340,0,0,0,0,,,,,425,1707,,,,,PAICS___SETD1A_unrelaxed_rank_001_alphafold2_multimer_v3_model_1_seed_000.pdb
PAICS___SETD1A,2,2,A,B,0.0000,0.0,0.0,0.0000,0.2577,0.0000,0.0000,0.0,0.0,0.2200,91.6,29.2,0.340,0,0,0,0,,,,,425,1707,,,,,PAICS___SETD1A_unrelaxed_rank_002_alphafold2_multimer_v3_model_2_seed_000.pdb
PAICS___SETD1A,3,4,A,B,0.0000,0.0,0.0,0.0000,0.2113,0.0000,0.0000,0.0,0.0,0.2100,89.7,27.1,0.330,0,0,0,0,,,,,425,1707,,,,,PAICS___SETD1A_unrelaxed_rank_003_alphafold2_multimer_v3_model_4_seed_000.pdb
PAICS___SETD1A,4,5,A,B,0.0000,0.0,0.0,0.0000,0.1899,0.0000,0.0000,0.0,0.0,0.2000,91.2,28.3,0.340,0,0,0,0,,,,,425,1707,,,,,PAICS___SETD1A_unrelaxed_rank_004_alphafold2_multimer_v3_model_5_seed_000.pdb
PAICS___SETD1A,5,3,A,B,0.0000,0.0,0.0,0.0000,0.2022,0.0000,0.0000,0.0,0.0,0.2000,90.6,29.1,0.340,0,0,0,0,,,,,425,1707,,,,,PAICS___SETD1A_unrelaxed_rank_005_alphafold2_multimer_v3_model_3_seed_000.pdb
PSPC1___NBN,1,2,A,B,0.1911,357.7,68.4,0.0206,0.7928,0.1413,0.2585,2843.0,45.0,0.3300,57.2,49.7,0.350,213,17,15,11,86.4,54.6,84.8,56.2,523,754,"[76-190,194-241,243-252,254-258,264-265,271-282,284-286,288-289,291-297,299-306,308]",[554-570],"[85,87,110,112,114,117,119,121,148,150,152-153,155,205-206]","[555-556,558-560,562-564,566-567,570]",PSPC1___NBN_unrelaxed_rank_001_alphafold2_multimer_v3_model_2_seed_000.pdb
PSPC1___NBN,2,5,A,B,0.0000,0.0,0.0,0.0000,0.1890,0.0000,0.0000,0.0,0.0,0.1700,57.5,47.6,0.340,0,0,0,0,,,,,523,754,,,,,PSPC1___NBN_unrelaxed_rank_002_alphafold2_multimer_v3_model_5_seed_000.pdb
PSPC1___NBN,3,4,A,B,0.0000,0.0,0.0,0.0000,0.1520,0.0000,0.0000,0.0,0.0,0.1600,56.7,47.3,0.340,0,0,0,0,,,,,523,754,,,,,PSPC1___NBN_unrelaxed_rank_003_alphafold2_multimer_v3_model_4_seed_000.pdb
PSPC1___NBN,4,3,A,B,0.0000,0.0,0.0,0.0000,0.1743,0.0000,0.0000,0.0,0.0,0.1500,57.8,45.9,0.340,0,0,0,0,,,,,523,754,,,,,PSPC1___NBN_unrelaxed_rank_004_alphafold2_multimer_v3_model_3_seed_000.pdb
PSPC1___NBN,5,1,A,B,0.0000,0.0,0.0,0.0000,0.1667,0.0000,0.0000,0.0,0.0,0.1500,58.1,47.8,0.340,0,0,0,0,,,,,523,754,,,,,PSPC1___NBN_unrelaxed_rank_005_alphafold2_multimer_v3_model_1_seed_000.pdb
PYGB___NOP2,1,1,A,B,0.1806,362.7,65.5,0.0176,0.7679,0.1278,0.2552,6265.0,21.0,0.4800,89.7,50.0,0.570,672,15,9,4,93.8,55.7,89.6,58.3,843,812,"[25-42,44,46-132,137-165,167-181,183-195,197-204,220-248,291-313,329-360,362-378,388-390,392-393,395-412,414-415,429-431,439-466,468-593,597,599-724,730,732-733,736-747,749-752,758-767,769-830]",[41-55],"[110-111,114,119-121,498-499,502]","[44-46,50]",PYGB___NOP2_unrelaxed_rank_001_alphafold2_multimer_v3_model_1_seed_000.pdb
PYGB___NOP2,2,2,A,B,0.0397,139.4,5.5,0.0148,0.5941,0.0355,0.0443,2430.0,8.0,0.3600,91.3,50.5,0.570,569,9,6,4,95.6,53.5,88.5,53.8,843,812,"[25,27-32,34-41,47-76,78,81-130,138-163,168-172,174-178,183-184,188,190-195,199-204,220-247,292-297,299-312,329-339,344-355,357-358,362,364-377,388-389,392-393,396-397,399-401,403-404,406-408,410-411,414,429-431,440-461,463-465,470,472-474,477,480-554,556,558-560,562-568,571-572,574,577-592,599-606,608-611,616-632,634,637,640-648,650-670,672-673,677-693,697-712,715-716,718-719,732-733,736,738-747,751,759,762-767,772-829]",[44-52],"[110,114,119-121,498]","[45-47,50]",PYGB___NOP2_unrelaxed_rank_002_alphafold2_multimer_v3_model_2_seed_000.pdb
PYGB___NOP2,3,4,A,B,0.0000,0.0,0.0,0.0000,0.5257,0.0095,0.0000,27.0,0.0,0.2600,89.8,47.9,0.570,22,4,0,0,95.0,31.6,,,843,812,"[53,61,99,111,120-122,124,176,495,499,502-503,515,531,534-535,538,545,579,621,683]","[46-47,49-50]",,,PYGB___NOP2_unrelaxed_rank_003_alphafold2_multimer_v3_model_4_seed_000.pdb
PYGB___NOP2,4,3,A,B,0.0000,0.0,0.0,0.0000,0.2908,0.0000,0.0000,0.0,0.0,0.2200,90.2,49.4,0.570,0,0,0,0,,,,,843,812,,,,,PYGB___NOP2_unrelaxed_rank_004_alphafold2_multimer_v3_model_3_seed_000.pdb
PYGB___NOP2,5,5,A,B,0.0000,0.0,0.0,0.0000,0.2418,0.0000,0.0000,0.0,0.0,0.2100,89.9,49.1,0.570,0,0,0,0,,,,,843,812,,,,,PYGB___NOP2_unrelaxed_rank_005_alphafold2_multimer_v3_model_5_seed_000.pdb
RAD50___ABHD10,1,2,A,B,0.0000,0.0,0.0,0.0000,0.4282,0.0000,0.0000,0.0,0.0,0.3300,77.7,77.0,0.370,0,0,0,0,,,,,1312,306,,,,,RAD50___ABHD10_unrelaxed_rank_001_alphafold2_multimer_v3_model_2_seed_000.pdb
RAD50___ABHD10,2,3,A,B,0.0000,0.0,0.0,0.0000,0.3305,0.0000,0.0000,0.0,0.0,0.2800,79.4,78.3,0.390,0,0,0,0,,,,,1312,306,,,,,RAD50___ABHD10_unrelaxed_rank_002_alphafold2_multimer_v3_model_3_seed_000.pdb
RAD50___ABHD10,3,5,A,B,0.0000,0.0,0.0,0.0000,0.3074,0.0000,0.0000,0.0,0.0,0.2800,78.0,74.8,0.380,0,0,0,0,,,,,1312,306,,,,,RAD50___ABHD10_unrelaxed_rank_003_alphafold2_multimer_v3_model_5_seed_000.pdb
RAD50___ABHD10,4,4,A,B,0.0000,0.0,0.0,0.0000,0.2188,0.0000,0.0000,0.0,0.0,0.2000,74.8,77.7,0.370,0,0,0,0,,,,,1312,306,,,,,RAD50___ABHD10_unrelaxed_rank_004_alphafold2_multimer_v3_model_4_seed_000.pdb
RAD50___ABHD10,5,1,A,B,0.0000,0.0,0.0,0.0000,0.1636,0.0000,0.0000,0.0,0.0,0.1800,76.2,78.2,0.360,0,0,0,0,,,,,1312,306,,,,,RAD50___ABHD10_unrelaxed_rank_005_alphafold2_multimer_v3_model_1_seed_000.pdb
RAD50___LSS,1,4,A,B,0.0000,0.0,0.0,0.0000,0.3103,0.0000,0.0000,0.0,0.0,0.2500,66.9,91.9,0.460,0,0,0,0,,,,,1312,732,,,,,RAD50___LSS_unrelaxed_rank_001_alphafold2_multimer_v3_model_4_seed_000.pdb
RAD50___LSS,2,1,A,B,0.0000,0.0,0.0,0.0000,0.1973,0.0000,0.0000,0.0,0.0,0.2000,68.5,92.3,0.460,0,0,0,0,,,,,1312,732,,,,,RAD50___LSS_unrelaxed_rank_002_alphafold2_multimer_v3_model_1_seed_000.pdb
RAD50___LSS,3,3,A,B,0.0000,0.0,0.0,0.0000,0.1949,0.0000,0.0000,0.0,0.0,0.2000,72.1,91.6,0.460,0,0,0,0,,,,,1312,732,,,,,RAD50___LSS_unrelaxed_rank_003_alphafold2_multimer_v3_model_3_seed_000.pdb
RAD50___LSS,4,5,A,B,0.0000,0.0,0.0,0.0000,0.0000,0.0000,0.0000,0.0,0.0,0.1900,69.9,91.9,0.460,0,0,0,0,,,,,1312,732,,,,,RAD50___LSS_unrelaxed_rank_004_alphafold2_multimer_v3_model_5_seed_000.pdb
RAD50___LSS,5,2,A,B,0.0000,0.0,0.0,0.0000,0.1851,0.0000,0.0000,0.0,0.0,0.1900,69.6,92.3,0.460,0,0,0,0,,,,,1312,732,,,,,RAD50___LSS_unrelaxed_rank_005_alphafold2_multimer_v3_model_2_seed_000.pdb
RAD50___PRPF19,1,5,A,B,0.0000,0.0,0.0,0.0000,0.0000,0.0000,0.0000,0.0,0.0,0.2300,78.6,77.0,0.360,0,0,0,0,,,,,1312,504,,,,,RAD50___PRPF19_unrelaxed_rank_001_alphafold2_multimer_v3_model_5_seed_000.pdb
RAD50___PRPF19,2,3,A,B,0.0000,0.0,0.0,0.0000,0.0000,0.0000,0.0000,0.0,0.0,0.2100,76.7,75.3,0.360,0,0,0,0,,,,,1312,504,,,,,RAD50___PRPF19_unrelaxed_rank_002_alphafold2_multimer_v3_model_3_seed_000.pdb
RAD50___PRPF19,3,4,A,B,0.0000,0.0,0.0,0.0000,0.1975,0.0000,0.0000,0.0,0.0,0.2100,72.5,73.3,0.360,0,0,0,0,,,,,1312,504,,,,,RAD50___PRPF19_unrelaxed_rank_003_alphafold2_multimer_v3_model_4_seed_000.pdb
RAD50___PRPF19,4,1,A,B,0.0000,0.0,0.0,0.0000,0.0000,0.0000,0.0000,0.0,0.0,0.2000,74.6,75.4,0.360,0,0,0,0,,,,,1312,504,,,,,RAD50___PRPF19_unrelaxed_rank_004_alphafold2_multimer_v3_model_1_seed_000.pdb
RAD50___PRPF19,5,2,A,B,0.0000,0.0,0.0,0.0000,0.0000,0.0000,0.0000,0.0,0.0,0.1800,76.3,76.6,0.350,0,0,0,0,,,,,1312,504,,,,,RAD50___PRPF19_unrelaxed_rank_005_alphafold2_multimer_v3_model_2_seed_000.pdb
SEC31A___POU2F1,1,5,A,B,0.0699,112.2,7.8,0.0150,0.6080,0.0632,0.0774,699.0,18.0,0.2700,62.5,24.5,0.350,209,7,10,6,91.8,41.4,87.8,41.9,1220,743,"[2-7,9-28,42-52,54-58,60-63,69-74,88-92,98-108,114-119,121,125,127-130,132-140,142,147-152,171-180,183-187,192-196,216,219-233,236,240-245,255-256,258-259,262-292,295-296,298,306-324,326-333,385-389]",[22-28],"[20-22,48,50,314-317,389]",[23-28],SEC31A___POU2F1_unrelaxed_rank_001_alphafold2_multimer_v3_model_5_seed_000.pdb
SEC31A___POU2F1,2,3,A,B,0.0000,0.0,0.0,0.0000,0.3729,0.0000,0.0000,0.0,0.0,0.2000,63.1,24.4,0.350,0,0,0,0,,,,,1220,743,,,,,SEC31A___POU2F1_unrelaxed_rank_002_alphafold2_multimer_v3_model_3_seed_000.pdb
SEC31A___POU2F1,3,2,A,B,0.0000,0.0,0.0,0.0000,0.1809,0.0000,0.0000,0.0,0.0,0.2000,64.7,25.3,0.340,0,0,0,0,,,,,1220,743,,,,,SEC31A___POU2F1_unrelaxed_rank_003_alphafold2_multimer_v3_model_2_seed_000.pdb
SEC31A___POU2F1,4,1,A,B,0.0000,0.0,0.0,0.0000,0.2127,0.0000,0.0000,0.0,0.0,0.2000,60.6,24.3,0.320,0,0,0,0,,,,,1220,743,,,,,SEC31A___POU2F1_unrelaxed_rank_004_alphafold2_multimer_v3_model_1_seed_000.pdb
SEC31A___POU2F1,5,4,A,B,0.0000,0.0,0.0,0.0000,0.2625,0.0000,0.0000,0.0,0.0,0.1900,61.7,23.0,0.330,0,0,0,0,,,,,1220,743,,,,,SEC31A___POU2F1_unrelaxed_rank_005_alphafold2_multimer_v3_model_4_seed_000.pdb
SEPTIN2___COX5B,1,2,A,B,0.1421,82.4,11.7,0.0137,0.4515,0.1027,0.1965,323.0,21.0,0.3300,75.1,57.1,0.600,13,45,5,5,64.4,77.0,60.6,65.3,361,129,"[69-79,102,107]","[76-93,100-108,110-115,118-129]","[70-72,75-76]","[83-85,127,129]",SEPTIN2___COX5B_unrelaxed_rank_001_alphafold2_multimer_v3_model_2_seed_000.pdb
SEPTIN2___COX5B,2,3,A,B,0.0000,0.0,0.0,0.0000,0.1351,0.0000,0.0000,0.0,0.0,0.1400,68.5,36.2,0.550,0,0,0,0,,,,,361,129,,,,,SEPTIN2___COX5B_unrelaxed_rank_002_alphafold2_multimer_v3_model_3_seed_000.pdb
SEPTIN2___COX5B,3,5,A,B,0.0000,0.0,0.0,0.0000,0.1143,0.0000,0.0000,0.0,0.0,0.1200,69.4,37.8,0.570,0,0,0,0,,,,,361,129,,,,,SEPTIN2___COX5B_unrelaxed_rank_003_alphafold2_multimer_v3_model_5_seed_000.pdb
SEPTIN2___COX5B,4,1,A,B,0.0000,0.0,0.0,0.0000,0.1169,0.0000,0.0000,0.0,0.0,0.1200,66.8,38.1,0.540,0,0,0,0,,,,,361,129,,,,,SEPTIN2___COX5B_unrelaxed_rank_004_alphafold2_multimer_v3_model_1_seed_000.pdb
SEPTIN2___COX5B,5,4,A,B,0.0000,0.0,0.0,0.0000,0.1000,0.0000,0.0000,0.0,0.0,0.1200,67.4,35.8,0.560,0,0,0,0,,,,,361,129,,,,,SEPTIN2___COX5B_unrelaxed_rank_005_alphafold2_multimer_v3_model_4_seed_000.pdb
SEPTIN2___ERLIN1,1,3,A,B,0.0404,23.8,1.0,0.0000,0.4374,0.0385,0.0424,63.0,9.0,0.2000,71.0,71.3,0.420,18,18,4,6,67.9,73.8,69.8,76.0,361,348,"[320,324-337,339-341]","[192-206,208-209,211]","[325,332,336,339]","[197,200-201,203-204,211]",SEPTIN2___ERLIN1_unrelaxed_rank_001_alphafold2_multimer_v3_model_3_seed_000.pdb
SEPTIN2___ERLIN1,2,4,A,B,0.0000,0.0,0.0,0.0000,0.1162,0.0000,0.0000,0.0,0.0,0.1400,65.4,63.5,0.420,0,0,0,0,,,,,361,348,,,,,SEPTIN2___ERLIN1_unrelaxed_rank_002_alphafold2_multimer_v3_model_4_seed_000.pdb
SEPTIN2___ERLIN1,3,5,A,B,0.0000,0.0,0.0,0.0000,0.1134,0.0000,0.0000,0.0,0.0,0.1200,68.4,67.8,0.430,0,0,0,0,,,,,361,348,,,,,SEPTIN2___ERLIN1_unrelaxed_rank_003_alphafold2_multimer_v3_model_5_seed_000.pdb
SEPTIN2___ERLIN1,4,2,A,B,0.0000,0.0,0.0,0.0000,0.1018,0.0000,0.0000,0.0,0.0,0.1100,64.9,72.5,0.390,0,0,0,0,,,,,361,348,,,,,SEPTIN2___ERLIN1_unrelaxed_rank_004_alphafold2_multimer_v3_model_2_seed_000.pdb
SEPTIN2___ERLIN1,5,1,A,B,0.0000,0.0,0.0,0.0000,0.0000,0.0000,0.0000,0.0,0.0,0.1100,67.8,75.4,0.400,0,0,0,0,,,,,361,348,,,,,SEPTIN2___ERLIN1_unrelaxed_rank_005_alphafold2_multimer_v3_model_1_seed_000.pdb
SEPTIN2___PYGB,1,4,A,B,0.0000,0.0,0.0,0.0000,0.1520,0.0000,0.0000,0.0,0.0,0.1800,62.8,89.6,0.700,0,0,0,0,,,,,361,843,,,,,SEPTIN2___PYGB_unrelaxed_rank_001_alphafold2_multimer_v3_model_4_seed_000.pdb
SEPTIN2___PYGB,2,3,A,B,0.0000,0.0,0.0,0.0000,0.1704,0.0000,0.0000,0.0,0.0,0.1800,63.8,88.4,0.690,0,0,0,0,,,,,361,843,,,,,SEPTIN2___PYGB_unrelaxed_rank_002_alphafold2_multimer_v3_model_3_seed_000.pdb
SEPTIN2___PYGB,3,1,A,B,0.0000,0.0,0.0,0.0000,0.1465,0.0000,0.0000,0.0,0.0,0.1800,61.5,88.3,0.680,0,0,0,0,,,,,361,843,,,,,SEPTIN2___PYGB_unrelaxed_rank_003_alphafold2_multimer_v3_model_1_seed_000.pdb
SEPTIN2___PYGB,4,2,A,B,0.0000,0.0,0.0,0.0000,0.1452,0.0000,0.0000,0.0,0.0,0.1800,63.0,88.7,0.690,0,0,0,0,,,,,361,843,,,,,SEPTIN2___PYGB_unrelaxed_rank_004_alphafold2_multimer_v3_model_2_seed_000.pdb
SEPTIN2___PYGB,5,5,A,B,0.0000,0.0,0.0,0.0000,0.1534,0.0000,0.0000,0.0,0.0,0.1600,65.0,88.4,0.690,0,0,0,0,,,,,361,843,,,,,SEPTIN2___PYGB_unrelaxed_rank_005_alphafold2_multimer_v3_model_5_seed_000.pdb
STIP1___FUS,1,5,A,B,0.0000,0.0,0.0,0.0000,0.3225,0.0000,0.0000,0.0,0.0,0.2100,83.5,29.8,0.340,0,0,0,0,,,,,543,526,,,,,STIP1___FUS_unrelaxed_rank_001_alphafold2_multimer_v3_model_5_seed_000.pdb
STIP1___FUS,2,2,A,B,0.0000,0.0,0.0,0.0000,0.1890,0.0000,0.0000,0.0,0.0,0.1500,83.5,29.4,0.340,0,0,0,0,,,,,543,526,,,,,STIP1___FUS_unrelaxed_rank_002_alphafold2_multimer_v3_model_2_seed_000.pdb
STIP1___FUS,3,1,A,B,0.0000,0.0,0.0,0.0000,0.1482,0.0000,0.0000,0.0,0.0,0.1500,82.8,29.7,0.330,0,0,0,0,,,,,543,526,,,,,STIP1___FUS_unrelaxed_rank_003_alphafold2_multimer_v3_model_1_seed_000.pdb
STIP1___FUS,4,3,A,B,0.0000,0.0,0.0,0.0000,0.1503,0.0000,0.0000,0.0,0.0,0.1400,81.0,28.2,0.320,0,0,0,0,,,,,543,526,,,,,STIP1___FUS_unrelaxed_rank_004_alphafold2_multimer_v3_model_3_seed_000.pdb
STIP1___FUS,5,4,A,B,0.0000,0.0,0.0,0.0000,0.1267,0.0000,0.0000,0.0,0.0,0.1300,81.4,28.9,0.330,0,0,0,0,,,,,543,526,,,,,STIP1___FUS_unrelaxed_rank_005_alphafold2_multimer_v3_model_4_seed_000.pdb
